scorer,,,Rohan Pandit,Rohan Pandit,Rohan Pandit,Rohan Pandit,Rohan Pandit,Rohan Pandit,Rohan Pandit,Rohan Pandit
bodyparts,,,Snout,Snout,Spiracle,Spiracle,Pectoral Fin,Pectoral Fin,Tail,Tail
coords,,,x,y,x,y,x,y,x,y
labeled-data,IMG_9495,img021.png,508.4469465031513,452.29922356066913,,,522.0267857984957,491.8578858558028,491.0293265373835,530.8261203554866
labeled-data,IMG_9495,img097.png,351.09195118859685,377.08175945098446,,,429.26199390884506,449.3680355148699,,
labeled-data,IMG_9495,img142.png,432.5963660484497,337.38416209546153,,,516.6501754250608,399.5839810341537,494.9549009473636,480.850545561404
